id,city,state,country
903,Port Jacobbury,Idaho,United States
159,Port Vanessa,Delaware,United States
60,Samueltown,Michigan,United States
701,South Kaylafurt,Kentucky,United States
781,Kirkside,Washington,United States
405,Lake Gabriela,Louisiana,United States
573,Sosaville,Connecticut,United States
693,Christopherburgh,Montana,United States
982,West Thomas,Pennsylvania,United States
733,North Paul,Texas,United States
326,Coreybury,California,United States
787,South Justinville,Florida,United States
253,South Catherineland,Indiana,United States
314,New Tammy,Vermont,United States
713,New Joanburgh,Washington,United States
280,Stephaniemouth,North Dakota,United States
397,Lake Virginiatown,Ohio,United States
810,Mooreside,Utah,United States
529,West Derekville,Maryland,United States
254,North Rebeccabury,California,United States
118,Cherryhaven,Nevada,United States
226,Brendaburgh,Louisiana,United States
277,Maryport,Colorado,United States
696,Adamstad,North Carolina,United States
911,Lake Kimberly,Pennsylvania,United States
498,Davidport,New Jersey,United States
709,South Stephentown,Oklahoma,United States
550,Lake Lindaborough,Iowa,United States
19,Natashafort,South Dakota,United States
655,Melissastad,Idaho,United States
996,West Martin,Mississippi,United States
246,Andersonside,South Dakota,United States
111,West Rachel,New Mexico,United States
106,Mooreton,Connecticut,United States
548,Jenkinsbury,Kentucky,United States
194,New Alexandratown,Hawaii,United States
337,Weaverstad,Hawaii,United States
205,Kleinburgh,Iowa,United States
81,Alexanderbury,Delaware,United States
17,Howelltown,North Dakota,United States
675,Kennethmouth,Pennsylvania,United States
182,Petersonfurt,Alaska,United States
28,South Rodneyview,Pennsylvania,United States
143,East Jason,Louisiana,United States
708,Brianberg,Vermont,United States
712,New Melissaside,Maine,United States
134,Mileschester,Maine,United States
36,Garciamouth,Maine,United States
876,South Bridgetside,Kansas,United States
840,Amyshire,New Hampshire,United States
565,South Alexa,Virginia,United States
9,New Devin,Montana,United States
580,South Jamesstad,Hawaii,United States
47,Salinasview,Minnesota,United States
261,Lake Bryan,Oklahoma,United States
445,Gonzaleztown,Hawaii,United States
302,West Jeffreyhaven,Montana,United States
499,Kellytown,Iowa,United States
834,New Shaunland,Pennsylvania,United States
668,South Sarahville,Florida,United States
602,East Robertside,Florida,United States
623,West Gail,South Carolina,United States
18,Morenoland,New Hampshire,United States
687,New Heatherburgh,Oklahoma,United States
268,Garciamouth,Maryland,United States
639,Goodmanville,Missouri,United States
312,West Christopher,Kentucky,United States
736,South Justinborough,Delaware,United States
504,Guzmanton,Georgia,United States
624,West Tommy,New Jersey,United States
855,Jessicabury,New Jersey,United States
516,South Marissafurt,Delaware,United States
783,Harrischester,Michigan,United States
162,Lake Ginaville,Maryland,United States
672,East Lawrenceton,Virginia,United States
592,South Joelborough,Oregon,United States
560,Huntchester,Utah,United States
563,East Joannemouth,Vermont,United States
838,West Colleen,Connecticut,United States
374,New Christopherfort,Kansas,United States
204,East Amber,Iowa,United States
447,Markfurt,California,United States
366,Ianmouth,Massachusetts,United States
644,Jonesport,Arizona,United States
547,Parksberg,Washington,United States
273,Longshire,Alaska,United States
501,Millerton,New Hampshire,United States
190,Davemouth,Mississippi,United States
78,Jessicaville,Idaho,United States
298,North Thomas,Colorado,United States
703,Michellefurt,California,United States
845,Lake Bethanyland,Minnesota,United States
23,Jerrystad,Indiana,United States
154,East Brookefurt,Montana,United States
239,North Derrick,Alabama,United States
20,West Sharonview,Tennessee,United States
788,Port Ricardo,Ohio,United States
584,Woodstad,Arkansas,United States
542,East Jonathan,North Carolina,United States
125,Miguelbury,Nevada,United States
