customer_id,first_name,last_name,address,email_address,phone_number,address_id,date_created
4662,Lisa,Espinoza,8414 Jason Views Suite 057,bcastaneda@example.org,+1-494-898-9663x736,298,2024-02-19
8108,Jacqueline,Murray,034 Chen Plaza Apt. 994,mitchellpowell@example.net,8786815165,709,2024-01-17
4144,Jonathan,Burton,83244 Taylor Brook Apt. 248,vanessa90@example.net,813.250.9380x6515,560,2024-06-26
5667,Jon,Hernandez,40854 Brendan Crest Suite 594,scott28@example.org,220-701-5043,592,2024-04-16
6104,Alejandro,Brooks,7373 Rhonda Glen,lori34@example.net,+1-447-725-7131x20045,855,2024-04-22
9512,Brenda,Mendez,77763 Kenneth Run,osimmons@example.net,+1-292-997-0172,118,2024-01-01
3999,Marcus,Curtis,4525 Ryan Turnpike Apt. 580,usalazar@example.net,+1-950-896-4253,542,2024-08-14
2588,Gregory,Weber,7885 Diana Meadow Apt. 032,sandra89@example.com,001-925-777-6752x70042,190,2024-02-20
2738,Tiffany,Mitchell,216 Howard Greens Apt. 947,alee@example.net,394.407.7930x7588,298,2024-03-20
2293,Rebecca,Smith,4351 Rodriguez Alley,ebowen@example.com,001-716-515-9104,783,2024-04-03
9248,Martin,Juarez,643 Ramos Dale Apt. 571,scott09@example.net,4124431971,498,2024-06-10
1299,Brittney,Alexander,735 Jones Hollow Suite 702,christopher42@example.com,722.268.3251x11664,23,2024-09-02
4550,Joshua,Gonzalez,573 Laura Ports,wattselizabeth@example.org,336-580-7819x8200,28,2024-06-05
1720,William,Coffey,7642 Graves Fords Apt. 043,vroberson@example.net,(913)330-7252x5640,529,2024-08-26
8386,Robert,Lozano,2075 Elizabeth Mission Suite 477,jlara@example.net,001-511-730-2003x4366,326,2024-05-29
3719,Alexandra,Patrick,77036 Davis Bridge Apt. 347,wwilliams@example.com,+1-725-519-9155x801,810,2024-07-26
4730,John,Adams,63868 Reynolds Wells Apt. 440,catherine21@example.com,+1-653-894-1513x59792,159,2024-04-30
8124,Justin,Caldwell,766 Scott Station Apt. 455,uperry@example.net,+1-245-219-0707x1178,445,2024-05-20
1113,Shawn,Bradford,1336 Lindsay Landing Apt. 631,braunscott@example.net,716.571.3678,696,2024-01-29
1121,Logan,Montgomery,543 Angela Route Suite 598,bjuarez@example.net,476-220-9875,703,2024-03-14
8272,Corey,Wong,923 Gina Meadow Suite 479,zfloyd@example.org,+1-832-989-1211x465,701,2024-01-03
5086,John,Hayes,300 Snyder Ports Suite 941,stephen90@example.com,813-413-9087x94523,20,2024-03-08
5574,David,White,1053 Rose Summit Suite 090,crobinson@example.com,+1-818-230-6551x18372,154,2024-07-27
6764,Marissa,Boone,6827 Melendez Mall Apt. 421,morgan31@example.org,001-559-753-9897x0428,111,2024-07-26
7820,Jamie,Horton,142 Mann Divide,yboyd@example.org,619-600-3103x0598,23,2024-02-16
9233,Stephen,Navarro,54440 Gilbert Oval Suite 353,manuel69@example.com,(864)205-8855x204,268,2024-08-12
2114,Tara,Patterson,0813 Warren Ford Suite 029,debra84@example.net,5118518773,787,2024-04-15
3097,Melissa,Torres,175 Sarah Curve,mariajohnston@example.com,001-871-736-7572x16729,580,2024-01-10
1547,Carl,Williams,81211 Yang Common Apt. 459,nicole63@example.org,+1-299-340-6035,253,2024-05-10
6253,Jennifer,Melendez,38124 Theresa Spurs,mchavez@example.com,001-356-434-7172x999,194,2024-02-26
6022,Christopher,Thompson,248 Christopher Lodge Suite 209,scottfreeman@example.com,(829)908-5065,314,2024-03-10
2385,Stacie,Orr,33779 Douglas Cliff,brittany38@example.com,813.910.5814,20,2024-05-28
3789,Justin,Sanders,2984 Harrington Shores,nelsondeborah@example.com,(963)266-2048,713,2024-09-11
6137,Gary,Glenn,086 Rogers Streets,ishaw@example.org,(684)407-1640x29115,78,2024-05-21
1806,Eric,Mckee,7741 Garcia Walks,alex05@example.org,498-214-9467x3203,194,2024-03-03
1005,Andrew,Boyle,64895 Mason Junctions Apt. 703,underwoodveronica@example.org,763.551.4354x68858,550,2024-05-18
4689,Sean,Baldwin,395 Samantha Throughway,dawnjones@example.com,590.767.9493,499,2024-07-01
5507,Shelley,Michael,09731 Gibson Locks,michael62@example.net,(213)990-0665x6566,134,2024-03-23
9224,Bradley,Carson,73854 Peter Expressway Suite 940,daniellegraham@example.net,001-667-807-0953,736,2024-04-24
6391,Cody,Moses,8075 Angela Via,fergusonanthony@example.net,(752)234-4008,542,2024-01-22
1400,Stanley,George,104 Joseph Roads,david88@example.net,001-816-236-3168x187,159,2024-07-10
7055,Andrew,Ballard,964 Mark Junctions,howardcannon@example.org,(844)601-0951x49632,550,2024-09-03
4570,Kevin,Ponce,49729 Gray Junctions Apt. 038,iriggs@example.net,(554)716-2543x0659,397,2024-01-13
3800,Jordan,Mitchell,59672 Jennings Mount Suite 836,jacksonpenny@example.com,(690)795-9819,23,2024-05-04
2354,Dennis,Ross,7025 Lutz Plaza Apt. 868,amandawheeler@example.com,320-914-6667x1708,366,2024-09-02
5044,Chris,Diaz,413 Brittany Haven Apt. 938,nflores@example.net,(330)926-6838,911,2024-02-05
6338,Kendra,Cobb,4286 Tammy Island Apt. 032,jordan95@example.net,(696)548-0038x48160,639,2024-06-22
3880,Denise,Mitchell,76718 Kerr Ferry Apt. 210,jonathan97@example.net,280.206.9060x0498,277,2024-07-13
8010,Robert,Wilson,46018 Harrison Canyon Suite 284,wigginsdavid@example.net,812.497.4794x995,337,2024-05-22
3835,Gail,Mendoza,2112 Miller Trail Apt. 637,kelly82@example.com,692-271-1486,996,2024-06-07
6952,Amanda,Juarez,318 Stephen Manor Apt. 346,clairechapman@example.net,747.498.3897x5431,159,2024-03-24
7971,Emily,Perry,35358 Kimberly Falls Apt. 767,alyssa55@example.net,+1-720-947-1419x0014,668,2024-01-16
3400,Richard,Fields,5789 Kyle Path,wwilliamson@example.com,821.814.7147x52156,314,2024-09-13
758,Wendy,Vazquez,2767 Mendez Green Suite 590,nicole89@example.net,995-595-3696,298,2024-01-24
7756,Donna,Moore,81035 Michael Knolls Suite 289,turnerrachel@example.com,2967266132,855,2024-08-03
3938,Brian,Wilson,6198 Dean Crescent,patricia81@example.net,876.287.4162x9282,733,2024-03-11
1238,Terri,Fitzgerald,102 James Lake,ostanley@example.org,(809)682-7188,204,2024-01-22
1239,Nancy,Thomas,02575 Hale Dale,yolandasmith@example.net,896-863-5583x01243,397,2024-06-08
512,Nathaniel,Morris,392 Chavez Haven Suite 390,sarahalvarado@example.net,+1-560-737-8614x4254,20,2024-01-03
3109,Ronald,Fox,58488 Davis Shores Suite 540,jennifer19@example.net,+1-723-410-8610x53714,134,2024-07-10
4120,Beth,Clark,38292 Mendoza Hills Suite 127,angel31@example.org,7405945285,118,2024-07-10
2271,Kyle,Elliott,1324 Michelle Spurs Apt. 342,weavermichelle@example.com,+1-398-877-4045x71516,273,2024-04-04
3505,Dakota,Dixon,42427 Scott Greens,kimberlytorres@example.net,4722651245,374,2024-08-24
9530,Marissa,Pace,823 Mckee Vista Suite 002,dominique48@example.com,878-321-2433x50173,855,2024-05-07
3407,Kevin,Vargas,4658 Holden Alley,dianaross@example.org,+1-625-497-3738x89833,580,2024-07-09
6573,Pamela,Barker,835 Patricia Creek,ahaynes@example.net,(639)960-7587x803,703,2024-03-09
8290,Cindy,Lee,221 Becky Fords,longcassandra@example.org,+1-554-224-2057,78,2024-01-28
31,Nicholas,Graham,8383 Alyssa Rapids Apt. 507,rjones@example.com,+1-575-398-2818,675,2024-06-13
3139,Jeremy,Woods,15847 Calvin Bridge Apt. 867,brittany49@example.net,4173631018,733,2024-06-27
9784,Joseph,Wagner,81025 Victoria Pike,mary54@example.org,(833)333-5917x84228,810,2024-08-25
2999,Joshua,Wood,5258 Flowers Terrace Apt. 822,yhaynes@example.org,+1-756-236-9977,326,2024-07-25
5690,Cassandra,Harrison,5089 Kevin Way Suite 554,kimberlyvelasquez@example.com,(820)396-1040x2298,20,2024-03-14
8296,Timothy,Mathews,348 Monica Fall,christopherwhite@example.org,+1-812-570-6807x24147,253,2024-02-16
3804,Lisa,Thornton,364 Garcia Underpass,xandrews@example.com,253-477-1070x5657,703,2024-03-05
6173,Joseph,Carlson,5406 Christopher Gateway Apt. 829,david51@example.net,+1-306-553-1165,194,2024-07-22
54,Johnny,Smith,377 Young Fords Apt. 867,zlopez@example.net,+1-367-851-1934x3557,273,2024-03-16
6791,Darlene,Spencer,9980 Shawn Station,burnsrebecca@example.org,830-929-2916,60,2024-03-16
1366,Roger,Moore,267 Robert Drives,christophercook@example.com,(858)951-4937x625,159,2024-09-10
277,Tyler,Frank,4281 Turner Glens Apt. 340,johnoliver@example.com,+1-296-433-0655x232,709,2024-04-30
4083,Melinda,Dyer,68406 Christina Street Suite 993,jonesdevin@example.org,578.641.3474x144,624,2024-02-20
8987,Alexander,Collins,3548 Schroeder Bridge,costasarah@example.com,001-208-461-1726,23,2024-07-28
9668,David,Brown,1701 Harrison Radial Suite 736,amanda34@example.org,001-262-891-2533x401,713,2024-03-25
6877,Thomas,Hill,754 Armstrong Keys Apt. 555,parksusan@example.org,432-220-3628x472,788,2024-04-13
5483,David,Hernandez,30856 Peter Summit,brettmoore@example.org,850.354.7873,693,2024-08-10
2032,Evelyn,Watson,86822 Cooper Groves Suite 591,fsimpson@example.org,(547)335-9692,565,2024-06-27
5671,Mary,Gibson,4702 Kathryn Port Apt. 058,rosejared@example.org,7329260250,639,2024-07-28
3953,Allison,Coleman,444 Ford Coves,brettsimon@example.com,(478)639-9813,366,2024-03-01
6066,Kelly,Small,63203 Richard Common,cherylking@example.org,777-584-9555x71945,624,2024-08-20
8299,Jessica,Watson,1965 Moore Square,jsmith@example.com,493.440.1723,687,2024-05-25
9166,Samuel,Johns,75425 Robertson Island,qwang@example.com,790-810-1426x196,675,2024-06-08
3093,Joyce,Harris,556 Hinton Well,victoria29@example.com,(563)238-0604x11471,312,2024-08-13
7459,Aaron,Davis,358 Alvarez Common Apt. 396,savannahlopez@example.org,326.832.7548,298,2024-05-24
7660,Toni,Lowe,03128 Sarah Roads,christopheradams@example.org,604.649.3595x72058,687,2024-04-04
9582,Rachel,Sims,6274 Ashley Summit Apt. 187,nicole84@example.net,449-559-8040x416,498,2024-08-24
112,Jessica,Brown,90017 Renee Meadows Suite 083,evanschelsea@example.net,+1-621-577-0395,125,2024-02-23
8895,Michael,Reese,1931 Joshua Mountain Apt. 133,mstevens@example.org,843-316-1227,81,2024-08-18
5613,Jeffrey,Strickland,37933 Irwin Stravenue,sarahwilliams@example.org,576-411-1271x979,253,2024-05-10
2564,Amy,Warner,340 Powers Skyway Apt. 263,abigailrodriguez@example.org,613.756.1785x05955,254,2024-03-26
2553,Timothy,Scott,4641 Raymond Drives,salazarclaire@example.net,(469)923-2606,712,2024-05-05
5019,Jillian,Dalton,43058 Christopher Dam,arnoldjackie@example.com,647.299.7718x10132,701,2024-05-12
