id,name,description,start_date,end_date
2933,Virtual mission-critical model,Hold century believe right throw. None as just appear itself. Difference choose do leader.,2024-02-17,2025-01-14
2628,User-centric didactic service-desk,Arm worker way one wide least theory. Main during movie well glass catch area land.,2024-02-15,2025-02-23
2070,Switchable uniform access,Institution their network want. Industry night certain himself. Certain staff must in.,2024-06-06,2025-03-12
9562,Decentralized fresh-thinking success,Range issue question success draw process moment. Second sit research that represent should.,2024-08-09,2025-02-04
6895,Adaptive neutral hub,Republican stay positive audience. Near compare style best. Few meet base person stock reality.,2024-05-13,2025-05-11
8359,Operative full-range methodology,Red dream child agent record. Certain minute newspaper.,2024-04-11,2025-03-03
270,Secured explicit initiative,Issue sort candidate thing member near. Hard phone music send dinner couple.,2024-07-17,2025-08-08
7234,Intuitive bi-directional function,Can fly population hand cup nature top. Movie radio indeed get be respond.,2024-01-13,2025-05-21
9568,Team-oriented tertiary algorithm,Question music debate agent send can. Side edge entire himself.,2024-05-24,2025-06-14
1156,Polarized discrete approach,Tough development subject pressure high. Store mind behavior chair.,2024-04-29,2024-11-02
9777,Assimilated next generation complexity,Represent for idea human. Put within young should court heart. Put that meet nice.,2024-06-22,2025-08-25
5681,Automated heuristic projection,Simply western information reality. Garden season foot media anyone.,2024-09-04,2025-01-05
3181,Cross-group system-worthy secured line,Daughter campaign note economy western than buy style. Less beat leg do cut.,2024-08-26,2024-12-24
9194,Realigned encompassing groupware,Movie wife side never admit. Project send behavior important.,2024-07-07,2025-01-01
3774,Fundamental tertiary policy,Price movement language car shake protect itself. Actually argue owner begin fear beautiful.,2024-05-22,2025-09-25
9152,Fundamental actuating info-mediaries,Speech ever could store edge third. Change sing amount summer everyone house charge.,2024-04-26,2025-04-09
5087,Compatible system-worthy orchestration,Kitchen blood prepare tell. Much wide attorney effect high.,2024-08-25,2025-01-10
1500,Decentralized zero tolerance focus group,Program baby fly structure occur. Mind serve tax.,2024-07-25,2025-06-23
652,Switchable reciprocal artificial intelligence,Give major face threat small land there. A number human lay understand turn.,2024-08-26,2025-06-17
5367,Realigned cohesive frame,Along next decide woman during. Rate likely significant something real fund.,2024-01-09,2025-01-03
4136,Cloned intermediate leverage,Miss truth upon. From pattern red reason medical forward nice. How onto toward scene.,2024-04-19,2024-10-23
2384,Monitored systematic artificial intelligence,Receive case culture form hold feel nothing. Can about likely already perform action religious.,2024-06-08,2025-04-16
3081,Secured national monitoring,"Only machine team avoid. Few politics huge.
Together south now food. Rich cup one others.",2024-05-12,2024-10-31
549,Exclusive static circuit,Nature course so morning claim senior option anything.,2024-08-12,2025-06-10
9907,Up-sized system-worthy middleware,Part human Mrs development sign. Commercial smile quickly every.,2024-07-08,2024-12-14
3604,Cross-platform 4thgeneration open system,Eight part son newspaper. Final describe as first.,2024-05-02,2024-11-12
2488,Grass-roots user-facing customer loyalty,Change professional at. Memory cell often past might whatever guess.,2024-05-05,2025-04-12
4316,Multi-channeled intangible website,Hit store wall task. Production loss nature likely some participant. Not difficult we eight.,2024-03-04,2025-01-14
8321,Optimized bottom-line customer loyalty,Necessary thus collection win parent. Development deep artist trouble pretty day history.,2024-03-29,2024-10-12
4489,Cross-group multi-tasking success,Either others hotel. Up behind lose the general.,2024-01-15,2025-04-23
